date,u20,f20to35,f35to55,m55
Jan,2,25,48,25
Feb,2,27,49,22
Mar,4,37,42,17
Apr,2,35,48,15
May,2,25,54,19
Jun,1,25,55,19
Jul,1,27,53,19
Au,2,28,51,19
Sep,2,24,55,19
Oct,4,30,46,20
Nov,2,24,55,19
Dec,5,30,43,22